{"sections":{"image_banner_slider_V9ELki":{"type":"image-banner-slider","blocks":{"slide_EYCnGi":{"type":"slide","settings":{"image":"shopify:\/\/shop_images\/icedropproduktbildersantaRL-3.webp","imageMob":"shopify:\/\/shop_images\/icedropproduktbildersantaRL-cup3.webp","show_stars":true,"review_text":"Basierend auf 15.236+ zufriedene Kunden","title":"Das Beste Theme auf dem ganzen Markt","desc":"Entdecke jetzt das neue Amadori 2.0 Theme für maximale Conversion","image_icon_1":50,"icon_title_1":"","image_icon_2":50,"icon_title_2":"","image_icon_3":50,"icon_title_3":"","link_text":"Mehr erfahren","link":"shopify:\/\/products\/product-2","button_text_color":"#ffffff","background_bg":"#000000","border_color":"#ffffff","text_color":"#ffffff","image_overlay_opacity":40}}},"block_order":["slide_EYCnGi"],"settings":{"autoplay":true,"delay":5,"slide_height":"small","enable_min_height_mob":false,"min_height_mob":400}},"featured_product_rjQaz8":{"type":"featured-product","blocks":{"text_wgHpri":{"type":"text","settings":{"text":"{{ section.settings.product.vendor }}","text_style":"uppercase"}},"variant_picker_zNLiU4":{"type":"variant_picker","settings":{"u_color_type":"swatch","u_mat_type":"dropdown","u_size_type":"button","swatch_shape":"square"}},"quantity_selector_bW3DMd":{"type":"quantity_selector","settings":{}},"buy_buttons_fYTYdh":{"type":"buy_buttons","settings":{"show_dynamic_checkout":false,"show_gift_card_recipient":false}},"share_PQQr99":{"type":"share","settings":{"share_label":"Teilen"}}},"block_order":["text_wgHpri","variant_picker_zNLiU4","quantity_selector_bW3DMd","buy_buttons_fYTYdh","share_PQQr99"],"settings":{"product":"product-2","color_scheme":"","secondary_background":false,"media_size":"medium","constrain_to_viewport":true,"media_fit":"contain","media_position":"left","image_zoom":"lightbox","hide_variants":false,"enable_video_looping":false,"padding_top":36,"padding_bottom":36}},"slideshow_EaxhVi":{"type":"slideshow","blocks":{"slide_wnNDHh":{"type":"slide","settings":{"heading":"Slideshow","heading_size":"h1","subheading":"Erzähle deine Geschichte mit Fotos","button_label":"Schaltflächenbeschriftung","link":"","button_style_secondary":false,"box_align":"middle-center","show_text_box":true,"text_alignment":"center","image_overlay_opacity":0,"color_scheme":"","text_alignment_mobile":"center"}}},"block_order":["slide_wnNDHh"],"settings":{"layout":"full_bleed","slide_height":"medium","slider_visual":"counter","auto_rotate":false,"change_slides_speed":5,"image_behavior":"none","show_text_below":true,"accessibility_info":"Slideshow zu deiner Marke"}},"image_with_text_4n6Dxe":{"type":"image-with-text","blocks":{"heading_LCN4kg":{"type":"heading","settings":{"heading":"Bild mit Text","heading_size":"h1"}},"text_cgg4aJ":{"type":"text","settings":{"text":"<p>Kombiniere Text mit einem Bild, um den Fokus auf dein Produkt, deine Kollektion oder deinen Blog-Beitrag zu richten. Du kannst außerdem weitere Details über die Verfügbarkeit oder den Stil und sogar eine Bewertung hinzufügen.<\/p>","text_style":"body"}},"button_zHCDtN":{"type":"button","settings":{"button_label":"Schaltflächenbeschriftung","button_link":"","button_style_secondary":false}}},"block_order":["heading_LCN4kg","text_cgg4aJ","button_zHCDtN"],"settings":{"height":"adapt","desktop_image_width":"medium","layout":"image_first","desktop_content_position":"top","desktop_content_alignment":"left","content_layout":"no-overlap","section_color_scheme":"","color_scheme":"","image_behavior":"none","mobile_content_alignment":"left","padding_top":36,"padding_bottom":36,"padding_left_desktop":16,"padding_right_desktop":16,"padding_left_mobile":8,"padding_right_mobile":8,"border_radius_top":0,"border_radius_bottom":0,"border_radius_bottom_image":0,"padding_top_text":16,"padding_bottom_text":16,"padding_left_text":16,"padding_right_text":16}}},"order":["image_banner_slider_V9ELki","featured_product_rjQaz8","slideshow_EaxhVi","image_with_text_4n6Dxe"]}