{"sections":{"image_banner_slider_V9ELki":{"type":"image-banner-slider","blocks":{"slide_EYCnGi":{"type":"slide","settings":{"image":"shopify:\/\/shop_images\/Theme_Social_Proof.png","imageMob":"shopify:\/\/shop_images\/Theme_Social_Proof.png","show_stars":true,"review_text":"Basierend auf 15.236+ zufriedene Kunden","title":"Das Beste Theme auf dem ganzen Markt","desc":"Entdecke jetzt das neue Amadori 2.0 Theme für maximale Conversion","image_icon_1":50,"icon_title_1":"","image_icon_2":50,"icon_title_2":"","image_icon_3":50,"icon_title_3":"","link_text":"Mehr erfahren","link":"shopify:\/\/products\/magicline","button_text_color":"#ffffff","background_bg":"#000000","border_color":"#ffffff","text_color":"#ffffff","image_overlay_opacity":0}}},"block_order":["slide_EYCnGi"],"settings":{"autoplay":true,"delay":5,"slide_height":"adapt_image","enable_min_height_mob":true,"min_height_mob":100}}},"order":["image_banner_slider_V9ELki"]}