{"sections":{"main":{"type":"main-product","blocks":{"discount_code_96J8wB":{"type":"discount_code","settings":{"u_copy_icon":true,"enable_image":true,"discount_title":"<p>Heute 3 für 2 Aktion<\/p>","discount_text":"<p>Lege 3 Artikel deiner Wahl aus dem Shop in den Warenkorb und bezahle nur 2 davon. Nutze den Rabattcode: <strong>Test2<\/strong> <\/p>","discount_message":"<p>Super, Du hast den Rabattcode kopiert!<\/p>"}},"social_proof_NEtQVz":{"type":"social_proof","settings":{"enable_social_proof":true,"social_proof_bg":"#ffffff","social_proof_text":"#000000","social_proof_image_size":25,"ppl_social_proof":"Marie Leisner","text_social_proof":"und 63.000 andere sind begeistert von uns","social_proof_padding":14,"social_proof_border_radius":0}},"title_kE4NXX":{"type":"title","settings":{"second_title":"Second Title"}},"reviews_pMpPPn":{"type":"reviews","settings":{"show_stars":true,"review_text":""}},"scarcity_7qAmbw":{"type":"scarcity","settings":{"scarcity":"<strong>UPDATE:<\/strong> Wegen der großen Nachfrage während der Black Week wird unser Lager knapp! Der größte Sale des Jahres läuft, aber die Bestände sind begrenzt – also sei schnell, bevor alles weg ist.","margin_top_s":70,"margin_bottom_s":10}},"bullet_4kCPt6":{"type":"bullet","settings":{"u_bullet_icon":"pepper","u_icon_link":"<span class=\"material-symbols-outlined\">error_med<\/span>","text":"Bullet Point 1","u_point_url":"#"}},"bullet_c4J3T6":{"type":"bullet","settings":{"u_bullet_icon":"bottle","u_icon_link":"<span class=\"material-symbols-outlined\">\nhome\n<\/span>","text":"Bullet Point 2","u_point_url":""}},"bullet_8KPyd3":{"type":"bullet","settings":{"u_bullet_icon":"leather","u_icon_link":"","text":"Bullet Point 3","u_point_url":""}},"bullet_wJ7Y4T":{"type":"bullet","settings":{"u_bullet_icon":"leaf","u_icon_link":"","text":"Bullet Point 4","u_point_url":""}},"price_NnHxEp":{"type":"price","settings":{"tax_shipping":"<p>test<\/p>"}},"stock_icon_jCdCeE":{"type":"stock-icon","settings":{"inventory":"Nur noch wenige Verfügbar","dot_color":"#ef0000","text_color":"#000000"}},"variant_picker_fFqWUU":{"type":"variant_picker","settings":{"u_color_type":"swatch","u_mat_type":"dropdown","swatch_shape":"circle","size_text":"Wie ist denn die richtige Größe?","size_guide":"test-1","margin_top_v":32,"margin_bottom_v":10}},"buy_buttons_y3n3Qf":{"type":"buy_buttons","settings":{"show_dynamic_checkout":false,"show_gift_card_recipient":false,"button_primary_text":"#ffffff","button_primary_bg":"#eeaf2d"}},"collapsible_tab_kXELi8":{"type":"collapsible_tab","settings":{"heading":"Einklappbare Reihe","font_weight_text":"600","icon":"check_mark","font_color_content":"#a70e0e","font_weight_content":"400","content":"<p>sdsdsdssd<\/p>","page":""}},"collapsible_tab_WMAm8R":{"type":"collapsible_tab","settings":{"heading":"Einklappbare Reihe","font_weight_text":"600","icon":"check_mark","font_color_content":"#000000","font_weight_content":"500","content":"","page":"gspr"}},"shipping_TpMzEi":{"type":"shipping","settings":{"shipping_info":"<p>Auf Lager<\/p>","shipping_typo":"<p>In 2-3 Tagen bei Dir<\/p>","margin_top_shipping":74,"margin_bottom_shipping":10}},"complementary_CQVtkW":{"type":"complementary","settings":{"block_heading":"Passt gut zu","make_collapsible_row":false,"icon":"price_tag","product_list_limit":10,"products_per_page":3,"pagination_style":"counter","image_ratio":"square","enable_quick_add":false}},"icons_with_text_dch7UR":{"type":"icons_with_text","settings":{"icon_one":"shopify:\/\/shop_images\/tt5.webp","icon_one_title":"jjj","icon_one_description":"jjj","icon_two":"shopify:\/\/shop_images\/tt3.webp","icon_two_title":"sd","icon_two_description":"sd","icon_three":"shopify:\/\/shop_images\/tt4.webp","icon_three_title":"sdsd","icon_three_description":"sd","icon_four":"shopify:\/\/shop_images\/t1.jpg","icon_four_title":"sd","icon_four_description":"sd","border_radius":0,"margin_top_iwt":58,"margin_bottom_iwt":10,"background_color":"rgba(0,0,0,0)","text_color":"#000000"}}},"block_order":["discount_code_96J8wB","social_proof_NEtQVz","title_kE4NXX","reviews_pMpPPn","scarcity_7qAmbw","bullet_4kCPt6","bullet_c4J3T6","bullet_8KPyd3","bullet_wJ7Y4T","price_NnHxEp","stock_icon_jCdCeE","variant_picker_fFqWUU","buy_buttons_y3n3Qf","collapsible_tab_kXELi8","collapsible_tab_WMAm8R","shipping_TpMzEi","complementary_CQVtkW","icons_with_text_dch7UR"],"settings":{"enable_sticky_info":true,"color_scheme":"scheme-1","media_size":"medium","constrain_to_viewport":true,"media_fit":"contain","gallery_layout":"thumbnail_slider","media_position":"left","thumbnail_border_radius":0,"font_size_desktop":"18px","font_size_mobile":"18px","font_weight_desktop":"500","font_weight_mobile":"500","font_color":"#000000","show_second_title":true,"font_size_second_desktop":"24px","font_size_second_mobile":"24px","font_weight_second_desktop":"600","font_weight_second_mobile":"600","font_second_color":"#000000","sales_badge":"Sale","u_badge_bg":"#ffcc68","u_badge_text_clr":"#000000","regular_price_color":"#ef0000","cprice_color":"#121212","image_zoom":"none","mobile_thumbnails":"show","hide_variants":true,"enable_video_looping":false,"padding_top":0,"padding_bottom":0,"u_s_padding_top":0,"u_s_padding_bottom":0,"u_c_padding_top":5,"u_c_padding_bottom":2,"u_v_padding_bottom":0,"u_r_padding_bottom":0,"u_p_img_rad":10}},"related-products":{"type":"related-products","settings":{"heading":"You may also like","heading_size":"h2","products_to_show":4,"columns_desktop":4,"color_scheme":"scheme-1","image_ratio":"square","image_shape":"default","show_secondary_image":true,"show_vendor":false,"show_rating":false,"columns_mobile":"2","padding_top":36,"padding_bottom":28}},"image_with_text_geRhgY":{"type":"image-with-text","blocks":{"heading_J7MJCB":{"type":"heading","settings":{"heading":"Bild mit Text","heading_size":"h1"}},"text_iFWCbR":{"type":"text","settings":{"text":"<p>Kombiniere Text mit einem Bild, um den Fokus auf dein Produkt, deine Kollektion oder deinen Blog-Beitrag zu richten. Du kannst außerdem weitere Details über die Verfügbarkeit oder den Stil und sogar eine Bewertung hinzufügen.<\/p>","text_style":"body"}}},"block_order":["heading_J7MJCB","text_iFWCbR"],"settings":{"height":"adapt","desktop_image_width":"medium","layout":"image_first","desktop_content_position":"top","desktop_content_alignment":"left","content_layout":"no-overlap","section_color_scheme":"scheme-4","color_scheme":"scheme-4","image_behavior":"none","mobile_content_alignment":"left","padding_top":36,"padding_bottom":36,"padding_left_desktop":16,"padding_right_desktop":16,"padding_left_mobile":16,"padding_right_mobile":16,"border_radius_top":0,"border_radius_bottom":0,"border_radius_bottom_image":0,"padding_top_text":16,"padding_bottom_text":16,"padding_left_text":16,"padding_right_text":16}},"image_with_text_3prp6t":{"type":"image-with-text","blocks":{"heading_r9WKTR":{"type":"heading","settings":{"heading":"<strong>Dein komplettes Set für den perfekten Start.<\/strong>","heading_size":"h2"}},"text_nBgidP":{"type":"text","settings":{"text":"<p>Deine Füße tragen dich den ganzen Tag – jetzt ist es Zeit, ihnen etwas zurückzugeben. Mit Cozeez schenkst du ihnen die flauschige Umarmung, die sie verdienen. Jeder Schritt wird zur Belohnung, voller weichem Komfort und Geborgenheit.<\/p>","text_style":"body"}}},"block_order":["heading_r9WKTR","text_nBgidP"],"settings":{"height":"adapt","desktop_image_width":"medium","layout":"text_first","desktop_content_position":"top","desktop_content_alignment":"left","content_layout":"no-overlap","section_color_scheme":"","color_scheme":"","image_behavior":"none","mobile_content_alignment":"left","padding_top":0,"padding_bottom":0,"padding_left_desktop":0,"padding_right_desktop":0,"padding_left_mobile":0,"padding_right_mobile":0,"border_radius_top":0,"border_radius_bottom":0,"border_radius_bottom_image":0,"padding_top_text":16,"padding_bottom_text":16,"padding_left_text":8,"padding_right_text":8}},"trustpilot_slider_AzhqqM":{"type":"Trustpilot-Slider","blocks":{"review_9pR8Ca":{"type":"Review","settings":{"title":"Review title","content":"Lorem ipsum dolor sit amet, consectetur adipiscing elit, sed do eiusmod tempor incididunt ut labore et dolore magna aliqua. Ut enim ad minim veniam","name":"Reviewer name"}},"review_LjHYqV":{"type":"Review","settings":{"title":"Review title","content":"Lorem ipsum dolor sit amet, consectetur adipiscing elit, sed do eiusmod tempor incididunt ut labore et dolore magna aliqua. Ut enim ad minim veniam","name":"Reviewer name"}},"review_GGEX7b":{"type":"Review","settings":{"title":"Review title","content":"Lorem ipsum dolor sit amet, consectetur adipiscing elit, sed do eiusmod tempor incididunt ut labore et dolore magna aliqua. Ut enim ad minim veniam","name":"Reviewer name"}}},"block_order":["review_9pR8Ca","review_LjHYqV","review_GGEX7b"],"settings":{"padding_top":30,"padding_bottom":40,"bg":"","bg_card":"","title":"Customer Reviews","content":"<p><strong>4.7<\/strong> stars based on <span style=\"text-decoration:underline\">5284<\/span> reviews<\/p>","verified":"Geverifieerd"}},"image_with_text_QVrfG9":{"type":"image-with-text","blocks":{"heading_fWWiKN":{"type":"heading","settings":{"heading":"Bild mit Text","heading_size":"h1"}},"text_yPwNbJ":{"type":"text","settings":{"text":"<p>Kombiniere Text mit einem Bild, um den Fokus auf dein Produkt, deine Kollektion oder deinen Blog-Beitrag zu richten. Du kannst außerdem weitere Details über die Verfügbarkeit oder den Stil und sogar eine Bewertung hinzufügen.<\/p>","text_style":"body"}},"button_3pzLHM":{"type":"button","settings":{"button_label":"Schaltflächenbeschriftung","button_link":"","button_style_secondary":false}}},"block_order":["heading_fWWiKN","text_yPwNbJ","button_3pzLHM"],"settings":{"height":"adapt","desktop_image_width":"medium","layout":"image_first","desktop_content_position":"top","desktop_content_alignment":"left","content_layout":"no-overlap","section_color_scheme":"","color_scheme":"","image_behavior":"none","mobile_content_alignment":"left","padding_top":36,"padding_bottom":36,"padding_left_desktop":16,"padding_right_desktop":16,"padding_left_mobile":16,"padding_right_mobile":16,"border_radius_top":0,"border_radius_bottom":0,"border_radius_bottom_image":0,"padding_top_text":16,"padding_bottom_text":16,"padding_left_text":16,"padding_right_text":16}},"image_gallery_HxmPWR":{"type":"image-gallery","blocks":{"image_Mtkm7K":{"type":"image","settings":{}},"image_tMBrn6":{"type":"image","settings":{}},"image_Rmi3rU":{"type":"image","settings":{}},"image_WdBTtg":{"type":"image","settings":{}},"image_nr3rMd":{"type":"image","settings":{}}},"block_order":["image_Mtkm7K","image_tMBrn6","image_Rmi3rU","image_WdBTtg","image_nr3rMd"],"settings":{"title":"Title","font_size_desktop":"24px","font_size_mobile":"18px","font_weight_desktop":"500","font_weight_mobile":"500","title_alignment":"left","content":"Lorem ipsum dolor sit amet, consectetur adipiscing elit.","padding_top":100,"padding_bottom":100,"border_radius":0}},"o_garantie_N9YNYg":{"type":"O-Garantie","settings":{"title":"100% Zufriedenheits Garantie","description":"Wir lieben unser Triple™ - 4-in-1 Trockentuch und sind überzeugt, dass Sie es auch werden! Das ist der Grund, weshalb wir eine 30 Tägige Geld-Zurück-Garantie anbieten. Wenn Sie nicht zufrieden mit dem Ergebnis sind, geben wir Ihnen Ihr Geld zurück.","stars_text":"Bewertet mit 4.8\/5 von 20.000+ zufriedenen Kunden","button_text":"Jetzt Angebot sichern","button_url":"","padding_top_text":16,"padding_bottom_text":16,"padding_left_text":0,"padding_right_text":0,"padding_top_reviews":12,"padding_bottom_reviews":12,"text_align":"left","box_background_color":"#ffffff","text_color":"#000000","button_background_color":"#f6a429","button_text_color":"#ffffff","border_radius":0,"image_width":41,"padding_top":0,"padding_bottom":0}},"collapsible_content_ABaAbD":{"type":"collapsible-content","blocks":{"collapsible_row_3WDR4A":{"type":"collapsible_row","settings":{"heading":"Einklappbare Reihe","icon":"check_mark","row_content":"<p>Lorem ipsum dolor sit amet, consetetur sadipscing elitr, sed diam nonumy eirmod tempor invidunt ut labore et dolore magna aliquyam erat, sed diam voluptua. At vero eos et accusam et justo duo dolores et ea rebum. Stet clita kasd gubergren, no sea takimata sanctus est Lorem ipsum dolor sit amet. Lorem ipsum dolor sit amet, consetetur sadipscing elitr, sed diam nonumy eirmod tempor invidunt ut labore et dolore magna aliquyam erat, sed diam voluptua. At vero eos et accusam et justo duo dolores et ea rebum. Stet clita kasd gubergren, no sea takimata sanctus est Lorem ipsum dolor sit amet.<\/p>","page":""}},"collapsible_row_8AmLjm":{"type":"collapsible_row","settings":{"heading":"Einklappbare Reihe","icon":"check_mark","row_content":"","page":""}},"collapsible_row_BKeVbR":{"type":"collapsible_row","settings":{"heading":"Einklappbare Reihe","icon":"check_mark","row_content":"","page":""}},"collapsible_row_PaYngE":{"type":"collapsible_row","settings":{"heading":"Einklappbare Reihe","icon":"check_mark","row_content":"","page":""}},"collapsible_row_XDCUhW":{"type":"collapsible_row","settings":{"heading":"Einklappbare Reihe","icon":"check_mark","row_content":"","page":""}}},"block_order":["collapsible_row_3WDR4A","collapsible_row_8AmLjm","collapsible_row_BKeVbR","collapsible_row_PaYngE","collapsible_row_XDCUhW"],"settings":{"caption":"","heading":"Einklappbarer Inhalt","heading_size":"h1","heading_alignment":"center","layout":"none","color_scheme":"scheme-1","container_color_scheme":"scheme-5","open_first_collapsible_row":false,"image_ratio":"adapt","desktop_layout":"image_second","padding_top":36,"padding_bottom":36,"font_size":"18px","font_weight":"400"}},"video_slider_jNaYpK":{"type":"video-slider","blocks":{"video_CLkj7b":{"type":"video","settings":{"video":"shopify:\/\/files\/videos\/bee9b41ce1ad4b84943d438ec78959f3.mp4","poster":"shopify:\/\/shop_images\/3_1080x1080_9204cad6-49ce-4f2d-8bf7-4d74652c1619.webp"}},"video_6XxMge":{"type":"video","settings":{"video":"shopify:\/\/files\/videos\/bee9b41ce1ad4b84943d438ec78959f3.mp4","poster":"shopify:\/\/shop_images\/3_1080x1080_9204cad6-49ce-4f2d-8bf7-4d74652c1619.webp"}}},"block_order":["video_CLkj7b","video_6XxMge"],"settings":{"title":"Titlesdsd","font_size_desktop":"24px","font_size_mobile":"18px","font_weight_desktop":"500","font_weight_mobile":"500","title_alignment":"left","description_desktop":"","description_mobile":"","padding_top":36,"padding_bottom":36}}},"order":["main","related-products","image_with_text_geRhgY","image_with_text_3prp6t","trustpilot_slider_AzhqqM","image_with_text_QVrfG9","image_gallery_HxmPWR","o_garantie_N9YNYg","collapsible_content_ABaAbD","video_slider_jNaYpK"]}