{"name":"t:sections.header.name","type":"header","sections":{"announcement-bar":{"type":"announcement-bar","blocks":{"announcement-bar-0":{"type":"announcement","settings":{"image_height":25,"text":"Welcome to our store","link":""}},"announcement_HUYcgV":{"type":"announcement","settings":{"image_height":18,"text":"Welcome to our store","link":""}},"announcement_pQwEaT":{"type":"announcement","settings":{"image_height":15,"text":"Welcome to our store","link":""}}},"block_order":["announcement-bar-0","announcement_HUYcgV","announcement_pQwEaT"],"settings":{"color_scheme":"scheme-4","show_line_separator":true,"show_social":false,"enable_country_selector":false,"enable_language_selector":false}},"announcement_bar_mobile_6wybMw":{"type":"announcement-bar-mobile","blocks":{"announcement_bnmhEH":{"type":"announcement","settings":{"image_height":25,"text":"Willkommen in unserem Shop","link":""}},"announcement_WQBD39":{"type":"announcement","settings":{"image_height":25,"text":"Willkommen in unserem Shop","link":""}},"announcement_AVyHfz":{"type":"announcement","settings":{"image_height":25,"text":"Willkommen in unserem Shop","link":""}}},"block_order":["announcement_bnmhEH","announcement_WQBD39","announcement_AVyHfz"],"settings":{"color_scheme":"","show_line_separator":true,"show_social":false,"auto_rotate":true,"change_slides_speed":5,"enable_country_selector":false,"enable_language_selector":false}},"header":{"type":"header","settings":{"logo_position":"middle-center","menu":"main-menu","menu_type_desktop":"dropdown","sticky_header_type":"on-scroll-up","show_line_separator":false,"color_scheme":"scheme-1","menu_color_scheme":"scheme-1","enable_country_selector":true,"enable_language_selector":false,"enable_customer_avatar":false,"mobile_logo_position":"center","margin_bottom":0,"padding_top":4,"padding_bottom":4}}},"order":["announcement-bar","announcement_bar_mobile_6wybMw","header"]}