{"name":"t:sections.header.name","type":"header","sections":{"announcement-bar":{"type":"announcement-bar","blocks":{"announcement-bar-0":{"type":"announcement","settings":{"icon_image":"shopify:\/\/shop_images\/Versand_Badge_Akuendigungsleiste.png","image_height":25,"text":"Kostenloser Versand","link":""}},"announcement_HUYcgV":{"type":"announcement","settings":{"icon_image":"shopify:\/\/shop_images\/Klarna_Payment_Badge.svg","image_height":25,"text":"Bezahle bequem nach 30 Tagen","link":""}},"announcement_pQwEaT":{"type":"announcement","settings":{"icon_image":"shopify:\/\/shop_images\/Zufriedene_Kunden_Badge_Ankuendigungsleiste.png","image_height":25,"text":"15.236 zufriedene Kunden","link":""}}},"block_order":["announcement-bar-0","announcement_HUYcgV","announcement_pQwEaT"],"settings":{"color_scheme":"scheme-4","show_line_separator":true,"show_social":false,"enable_country_selector":false,"enable_language_selector":false}},"announcement_bar_mobile_AFFDjr":{"type":"announcement-bar-mobile","blocks":{"announcement_f4pD6c":{"type":"announcement","settings":{"icon_image":"shopify:\/\/shop_images\/Versand_Badge_Akuendigungsleiste.png","image_height":25,"text":"Kostenloser Versand","link":""}},"announcement_KiHiUF":{"type":"announcement","settings":{"icon_image":"shopify:\/\/shop_images\/Klarna_Payment_Badge.svg","image_height":25,"text":"Willkommen in unserem Shop","link":""}},"announcement_yNPFdY":{"type":"announcement","settings":{"icon_image":"shopify:\/\/shop_images\/Zufriedene_Kunden_Badge_Ankuendigungsleiste.png","image_height":25,"text":"15.236 zufriedene Kunden","link":""}}},"block_order":["announcement_f4pD6c","announcement_KiHiUF","announcement_yNPFdY"],"settings":{"color_scheme":"","show_line_separator":true,"show_social":false,"auto_rotate":false,"change_slides_speed":5,"enable_country_selector":false,"enable_language_selector":false}},"header":{"type":"header","settings":{"logo_position":"middle-center","menu":"main-menu","menu_type_desktop":"dropdown","sticky_header_type":"on-scroll-up","show_line_separator":false,"color_scheme":"scheme-1","menu_color_scheme":"scheme-1","enable_country_selector":true,"enable_language_selector":false,"enable_customer_avatar":true,"mobile_logo_position":"center","margin_bottom":0,"padding_top":4,"padding_bottom":4}}},"order":["announcement-bar","announcement_bar_mobile_AFFDjr","header"]}