{"sections":{"image_banner_slider_md86Tm":{"type":"image-banner-slider","blocks":{"slide_DrDmjf":{"type":"slide","settings":{"show_stars":true,"review_text":"Based on 2,000+ happy customers","title":"Discover Relief with Our Pain-Easing Formula","desc":"Embrace Comfort, Renewed Freedom, and Wellness on Your Journey with ProHEMP","image_icon_1":60,"icon_title_1":"text","image_icon_2":60,"icon_title_2":"text2","image_icon_3":60,"icon_title_3":"text 34","link_text":"Shop Now","link":"shopify:\/\/collections\/all","button_text_color":"#ffffff","background_bg":"#000000","border_color":"#ffffff","text_color":"#121212"}}},"block_order":["slide_DrDmjf"],"settings":{"autoplay":true,"delay":5,"slide_height":"adapt_image","enable_min_height_mob":true,"min_height_mob":100}}},"order":["image_banner_slider_md86Tm"]}