{"sections":{"main":{"type":"main-product","blocks":{"social_proof_FthaUt":{"type":"social_proof","settings":{"enable_social_proof":true,"social_proof_bg":"#f5f5f5","social_proof_text":"#000000","social_proof_image_size":25,"social_proof_image":"shopify:\/\/shop_images\/Theme_Social_Proof.png","ppl_social_proof":"Marie Leisner","text_social_proof":"und 63.000 andere sind begeistert von uns","social_proof_padding":12,"social_proof_border_radius":13}},"discount_code_DDb4eQ":{"type":"discount_code","settings":{"discount_code":"DREIER","discount_title":"<p>Heute 3 für 2 Aktion<\/p>","discount_text":"<p>Lege 3 Artikel deiner Wahl aus dem Shop in den Warenkorb und bezahle nur 2 davon. Nutze den Rabattcode: <strong>DREIER<\/strong><\/p>","discount_message":"<p>Super, Du hast den Rabattcode kopiert!<\/p>"}},"title":{"type":"title","settings":{"second_title":"Second Title"}},"reviews_QFHmpx":{"type":"reviews","settings":{"show_stars":true,"review_text":"<p><strong>4.8\/5 <\/strong><a href=\"#looxReviews\" title=\"#looxReviews\"><strong>428 Bewertungen<\/strong><\/a><\/p>"}},"bullet_8GnwrY":{"type":"bullet","settings":{"tick":true,"bullet_image_image_size":22,"text":"für alle Füße geeignet"}},"bullet_Axj3Tp":{"type":"bullet","settings":{"tick":true,"bullet_image_image_size":25,"text":"vermindert Schwellungen"}},"bullet_6d6hXf":{"type":"bullet","settings":{"tick":true,"bullet_image_image_size":25,"text":"mit & ohne Schuhe"}},"bullet_zjAN4g":{"type":"bullet","settings":{"tick":true,"bullet_image_image_size":25,"text":"für Zuhause, auf der Arbeit oder beim Sport"}},"price":{"type":"price","settings":{"tax_shipping":"<p>Inkl. MwSt. & <a href=\"\/pages\/test\" title=\"test\">GRATIS Versand<\/a><\/p>"}},"variant_picker_cap8jk":{"type":"variant_picker","settings":{"picker_type":"button","swatch_shape":"circle","size_text":"Größentabelle","size_guide":"test-1"}},"stock_icon_eWWrE6":{"type":"stock-icon","settings":{"inventory":"Nur noch wenige Artikel übrig","dot_color":"#d11a1a","text_color":"#c91919"}},"buy_buttons":{"type":"buy_buttons","settings":{"show_dynamic_checkout":false,"show_gift_card_recipient":false}},"payment_icons_YWeRV8":{"type":"payment_icons","settings":{"payment_icon_image":"shopify:\/\/shop_images\/Payments.png","payment_icon_alignment":"center","payment_icon_width_desktop":400,"payment_icon_width_mobile":340,"enable_payment_icons":false}},"icons_with_text_twCFjd":{"type":"icons_with_text","settings":{"icon_one":"shopify:\/\/shop_images\/2_241b82fd-fd6e-4b94-82fb-c06999131397.png","icon_one_title":"Kostenloser Versand","icon_one_description":"","icon_two":"shopify:\/\/shop_images\/3_df222991-4e5a-4c1d-8d63-f3b01834b749.png","icon_two_title":"30 Tage Geld-zurück-Garantie","icon_two_description":"","icon_three":"shopify:\/\/shop_images\/4_9984fb74-f778-4a04-a169-51a62c37107c.png","icon_three_title":"Deutsches Start-Up aus Berlin","icon_three_description":"","icon_four":"shopify:\/\/shop_images\/5.png","icon_four_title":"Über 11.326 zufriedene Kunden","icon_four_description":"","border_radius":6,"background_color":"#f2f2f2","text_color":"#000000"}},"collapsible_tab_bTQ7xY":{"type":"collapsible_tab","settings":{"heading":"Einklappbare Reihe","icon":"none","content":"","page":""}},"collapsible_tab_wzfPF7":{"type":"collapsible_tab","settings":{"heading":"Einklappbare Reihe","icon":"none","content":"","page":""}},"collapsible_tab_bzRaEm":{"type":"collapsible_tab","settings":{"heading":"Einklappbare Reihe","icon":"none","content":"","page":""}}},"block_order":["social_proof_FthaUt","discount_code_DDb4eQ","title","reviews_QFHmpx","bullet_8GnwrY","bullet_Axj3Tp","bullet_6d6hXf","bullet_zjAN4g","price","variant_picker_cap8jk","stock_icon_eWWrE6","buy_buttons","payment_icons_YWeRV8","icons_with_text_twCFjd","collapsible_tab_bTQ7xY","collapsible_tab_wzfPF7","collapsible_tab_bzRaEm"],"settings":{"enable_sticky_info":true,"color_scheme":"scheme-1","media_size":"medium","constrain_to_viewport":true,"media_fit":"cover","gallery_layout":"thumbnail_slider","media_position":"left","thumbnail_border_radius":10,"font_size_desktop":"29px","font_size_mobile":"18px","font_weight_desktop":"500","font_weight_mobile":"500","font_color":"#242833","show_second_title":true,"font_size_second_desktop":"24px","font_size_second_mobile":"24px","font_weight_second_desktop":"600","font_weight_second_mobile":"600","font_second_color":"#000000","sales_badge":"Sale","regular_price_color":"#dd1d1d","image_zoom":"none","mobile_thumbnails":"show","hide_variants":true,"enable_video_looping":false,"padding_top":0,"padding_bottom":12}},"image_with_text_g4KETN":{"type":"image-with-text","blocks":{"heading_iQ7FYX":{"type":"heading","settings":{"heading":"<strong>Image with text<\/strong>","heading_size":"h1"}},"text_AEBYTU":{"type":"text","settings":{"text":"<p>Pair text with an image to focus on your chosen product, collection, or blog post. Add details on availability, style, or even provide a review.<\/p>","text_style":"body"}}},"block_order":["heading_iQ7FYX","text_AEBYTU"],"settings":{"height":"adapt","desktop_image_width":"medium","layout":"image_first","desktop_content_position":"top","desktop_content_alignment":"left","content_layout":"no-overlap","section_color_scheme":"","color_scheme":"","image_behavior":"none","mobile_content_alignment":"left","padding_top":0,"padding_bottom":0,"padding_left":0,"padding_right":0,"border_radius_top":0,"border_radius_bottom":0}},"image_with_text_hMPVGa":{"type":"image-with-text","blocks":{"heading_kgxPep":{"type":"heading","settings":{"heading":"<strong>Image with text<\/strong>","heading_size":"h1"}},"text_7mqa6k":{"type":"text","settings":{"text":"<p>Pair text with an image to focus on your chosen product, collection, or blog post. Add details on availability, style, or even provide a review.<\/p>","text_style":"body"}}},"block_order":["heading_kgxPep","text_7mqa6k"],"settings":{"height":"adapt","desktop_image_width":"medium","layout":"text_first","desktop_content_position":"top","desktop_content_alignment":"left","content_layout":"no-overlap","section_color_scheme":"","color_scheme":"scheme-4","image_behavior":"none","mobile_content_alignment":"left","padding_top":0,"padding_bottom":0,"padding_left":0,"padding_right":0,"border_radius_top":0,"border_radius_bottom":0}},"related-products":{"type":"related-products","disabled":true,"settings":{"heading":"You may also like","heading_size":"h2","products_to_show":4,"columns_desktop":4,"color_scheme":"scheme-1","image_ratio":"square","image_shape":"default","show_secondary_image":true,"show_vendor":false,"show_rating":false,"columns_mobile":"2","padding_top":36,"padding_bottom":28}},"o_garantie_ffgkf3":{"type":"O-Garantie","settings":{"title":"30 Tage Geld-zurück-Garantie","description":"Wir lieben unser Triple™ - 4-in-1 Trockentuch und sind überzeugt, dass Sie es auch werden! Das ist der Grund, weshalb wir eine 30 Tägige Geld-Zurück-Garantie anbieten. Wenn Sie nicht zufrieden mit dem Ergebnis sind, geben wir Ihnen Ihr Geld zurück.","stars_text":"Bewertet mit 4.8\/5 von 20.000+ zufriedenen Kunden","button_text":"Jetzt Angebot sichern","button_url":"#angebot","text_align":"left","box_background_color":"#ffffff","text_color":"#000000","button_background_color":"#121212","button_text_color":"#ffffff","image":"shopify:\/\/shop_images\/5.png","image_width":71,"padding_top":0,"padding_bottom":0}},"trustpilot_slider_nBNV7f":{"type":"Trustpilot-Slider","blocks":{"review_63r4xC":{"type":"Review","settings":{"image":"shopify:\/\/shop_images\/Theme_Social_Proof.png","title":"Review title","content":"Lorem ipsum dolor sit amet, consectetur adipiscing elit, sed do eiusmod tempor incididunt ut labore et dolore magna aliqua. Ut enim ad minim veniam","name":"Reviewer name"}},"review_9LGXyg":{"type":"Review","settings":{"title":"Review title","content":"Lorem ipsum dolor sit amet, consectetur adipiscing elit, sed do eiusmod tempor incididunt ut labore et dolore magna aliqua. Ut enim ad minim veniam","name":"Reviewer name"}},"review_jdg3iV":{"type":"Review","settings":{"title":"Review title","content":"Lorem ipsum dolor sit amet, consectetur adipiscing elit, sed do eiusmod tempor incididunt ut labore et dolore magna aliqua. Ut enim ad minim veniam","name":"Reviewer name"}},"review_hCyjyG":{"type":"Review","settings":{"title":"Review title","content":"Lorem ipsum dolor sit amet, consectetur adipiscing elit, sed do eiusmod tempor incididunt ut labore et dolore magna aliqua. Ut enim ad minim veniam","name":"Reviewer name"}},"review_pMAtUN":{"type":"Review","settings":{"title":"Review title","content":"Lorem ipsum dolor sit amet, consectetur adipiscing elit, sed do eiusmod tempor incididunt ut labore et dolore magna aliqua. Ut enim ad minim veniam","name":"Reviewer name"}},"review_QgX67U":{"type":"Review","settings":{"title":"Review title","content":"Lorem ipsum dolor sit amet, consectetur adipiscing elit, sed do eiusmod tempor incididunt ut labore et dolore magna aliqua. Ut enim ad minim veniam","name":"Reviewer name"}},"review_K93BJR":{"type":"Review","settings":{"title":"Review title","content":"Lorem ipsum dolor sit amet, consectetur adipiscing elit, sed do eiusmod tempor incididunt ut labore et dolore magna aliqua. Ut enim ad minim veniam","name":"Reviewer name"}},"review_NPjLMR":{"type":"Review","settings":{"title":"Review title","content":"Lorem ipsum dolor sit amet, consectetur adipiscing elit, sed do eiusmod tempor incididunt ut labore et dolore magna aliqua. Ut enim ad minim veniam","name":"Reviewer name"}},"review_4PHPxk":{"type":"Review","settings":{"title":"Review title","content":"Lorem ipsum dolor sit amet, consectetur adipiscing elit, sed do eiusmod tempor incididunt ut labore et dolore magna aliqua. Ut enim ad minim veniam","name":"Reviewer name"}},"review_E4m4iN":{"type":"Review","settings":{"title":"Review title","content":"Lorem ipsum dolor sit amet, consectetur adipiscing elit, sed do eiusmod tempor incididunt ut labore et dolore magna aliqua. Ut enim ad minim veniam","name":"Reviewer name"}}},"block_order":["review_63r4xC","review_9LGXyg","review_jdg3iV","review_hCyjyG","review_pMAtUN","review_QgX67U","review_K93BJR","review_NPjLMR","review_4PHPxk","review_E4m4iN"],"settings":{"padding_top":40,"padding_bottom":40,"bg":"#f3f3f3","bg_card":"","title":"Über 12.000 Kunden","content":"<p>Bewertet mit <strong>4.5<\/strong> von 5, basierend auf <span style=\"text-decoration:underline\"><strong>901 Bewertungen.<\/strong><\/span><\/p>","verified":"Verifiziert"}},"image_gallery_7bjWTw":{"type":"image-gallery","blocks":{"image_FQBrUr":{"type":"image","settings":{"image":"shopify:\/\/shop_images\/Theme_Social_Proof.png"}},"image_ybHxxH":{"type":"image","settings":{}},"image_aicBDL":{"type":"image","settings":{}},"image_ngNa69":{"type":"image","settings":{}},"image_8z67dX":{"type":"image","settings":{}}},"block_order":["image_FQBrUr","image_ybHxxH","image_aicBDL","image_ngNa69","image_8z67dX"],"settings":{"title":"Ein Produkt, Viele Möglchkeite","font_size_desktop":"24px","font_size_mobile":"18px","font_weight_desktop":"600","font_weight_mobile":"600","title_alignment":"left","content":"Lorem Ipsoumasd asd asd awd asd awd asd awd asd awd asd awd asd awd","padding_top":0,"padding_bottom":0,"border_radius":0}},"collapsible_content_GnbDAF":{"type":"collapsible-content","blocks":{"collapsible_row_xqkzF6":{"type":"collapsible_row","settings":{"heading":"Frage 1","icon":"check_mark","row_content":"<p>Wir helfen dir<\/p>","page":""}},"collapsible_row_Mehaf3":{"type":"collapsible_row","settings":{"heading":"Frage 2","icon":"check_mark","row_content":"","page":""}},"collapsible_row_HwNybd":{"type":"collapsible_row","settings":{"heading":"Frage 3","icon":"check_mark","row_content":"","page":""}},"collapsible_row_n8mwRW":{"type":"collapsible_row","settings":{"heading":"Frage 4","icon":"check_mark","row_content":"","page":""}}},"block_order":["collapsible_row_xqkzF6","collapsible_row_Mehaf3","collapsible_row_HwNybd","collapsible_row_n8mwRW"],"settings":{"caption":"","heading":"<strong>Häufig gestellte Fragen<\/strong>","heading_size":"h1","heading_alignment":"center","layout":"none","color_scheme":"","container_color_scheme":"","open_first_collapsible_row":false,"image_ratio":"adapt","desktop_layout":"image_second","padding_top":36,"padding_bottom":36,"font_size":"18px","font_weight":"500"}}},"order":["main","image_with_text_g4KETN","image_with_text_hMPVGa","related-products","o_garantie_ffgkf3","trustpilot_slider_nBNV7f","image_gallery_7bjWTw","collapsible_content_GnbDAF"]}